导演,马进,/celebrity/1319757/
编剧1,周涌,/celebrity/1320374/
编剧2,冯唐,/celebrity/1345544/
编剧3,韩鹏,/celebrity/1364517/
编剧4,许MM,/celebrity/1361080/
演员1,周冬雨,/celebrity/1274224/
演员2,张一山,/celebrity/1274223/
演员3,尤靖茹,/celebrity/1343521/
演员4,陈奕龙,/celebrity/1313973/
演员5,魏健隆,/celebrity/1365179/
演员6,齐溪,/celebrity/1318634/
演员7,杨h,/celebrity/1365174/
演员8,周帅,/celebrity/1377981/
演员9,孙伟豪,/celebrity/1363643/
演员10,刘超,/celebrity/1377980/
演员11,倪菘阳,/celebrity/1377979/
演员12,方川,/celebrity/1327230/
演员13,华娇,/celebrity/1343477/
演员14,马心怡,/celebrity/1365178/
演员15,刘承林,/celebrity/1363644/
演员16,罗悠月,/celebrity/1363645/
演员17,温丽琴,/celebrity/1356000/
演员18,袁百梓卉,/celebrity/1340964/
演员19,王骞,/celebrity/1377978/
演员20,王畅唱,/celebrity/1362796/
演员21,萨日娜,/celebrity/1274702/
演员22,范逸臣,/celebrity/1274683/
演员23,王龙,/subject_search?search_text=%E7%8E%8B%E9%BE%99
演员24,钱永,/subject_search?search_text=%E9%92%B1%E6%B0%B8
演员25,魏叶培,/subject_search?search_text=%E9%AD%8F%E5%8F%B6%E5%9F%B9
演员26,花子超,/subject_search?search_text=%E8%8A%B1%E5%AD%90%E8%B6%85
演员27,胡泽,/subject_search?search_text=%E8%83%A1%E6%B3%BD
演员28,尹志强,/subject_search?search_text=%E5%B0%B9%E5%BF%97%E5%BC%BA
演员29,万鑫,/subject_search?search_text=%E4%B8%87%E9%91%AB
演员30,白子墨,/subject_search?search_text=%E7%99%BD%E5%AD%90%E5%A2%A8
演员31,徐国帅,/subject_search?search_text=%E5%BE%90%E5%9B%BD%E5%B8%85
演员32,吴楠,/subject_search?search_text=%E5%90%B4%E6%A5%A0
演员33,符斌才,/celebrity/1378824/
演员34,李明坤,/celebrity/1378823/
演员35,张禹森,/subject_search?search_text=%E5%BC%A0%E7%A6%B9%E6%A3%AE
演员36,谭诗谦,/celebrity/1378822/
演员37,尹恒,/celebrity/1330710/
演员38,贾魏毅,/subject_search?search_text=%E8%B4%BE%E9%AD%8F%E6%AF%85
演员39,侯学文,/subject_search?search_text=%E4%BE%AF%E5%AD%A6%E6%96%87
演员40,刘耀辉,/celebrity/1274790/
演员41,李鱼,/subject_search?search_text=%E6%9D%8E%E9%B1%BC
演员42,万俊宏,/subject_search?search_text=%E4%B8%87%E4%BF%8A%E5%AE%8F
演员43,王媛媛,/subject_search?search_text=%E7%8E%8B%E5%AA%9B%E5%AA%9B
演员44,胡玉梅,/subject_search?search_text=%E8%83%A1%E7%8E%89%E6%A2%85
演员45,美日班,/subject_search?search_text=%E7%BE%8E%E6%97%A5%E7%8F%AD
演员46,刘静娜,/subject_search?search_text=%E5%88%98%E9%9D%99%E5%A8%9C
演员47,王欣茹,/celebrity/1378821/
演员48,任慧敏,/subject_search?search_text=%E4%BB%BB%E6%85%A7%E6%95%8F
演员49,杨洋,/subject_search?search_text=%E6%9D%A8%E6%B4%8B
演员50,徐思瑶,/subject_search?search_text=%E5%BE%90%E6%80%9D%E7%91%B6
演员51,潘彦伶,/subject_search?search_text=%E6%BD%98%E5%BD%A6%E4%BC%B6
演员52,刘思祺,/subject_search?search_text=%E5%88%98%E6%80%9D%E7%A5%BA
演员53,艾思思,/subject_search?search_text=%E8%89%BE%E6%80%9D%E6%80%9D
演员54,张惠铜,/subject_search?search_text=%E5%BC%A0%E6%83%A0%E9%93%9C
演员55,安雅丽,/celebrity/1378820/
演员56,银静文,/celebrity/1378819/
演员57,陈忆君,/subject_search?search_text=%E9%99%88%E5%BF%86%E5%90%9B
演员58,谢佳恒,/subject_search?search_text=%E8%B0%A2%E4%BD%B3%E6%81%92
演员59,李阳,/subject_search?search_text=%E6%9D%8E%E9%98%B3
演员60,陈瑶,/subject_search?search_text=%E9%99%88%E7%91%B6
演员61,浦雅琪,/subject_search?search_text=%E6%B5%A6%E9%9B%85%E7%90%AA
演员62,王婉莹,/subject_search?search_text=%E7%8E%8B%E5%A9%89%E8%8E%B9
演员63,聂石琴,/subject_search?search_text=%E8%81%82%E7%9F%B3%E7%90%B4
总评价数,39478
评价1,14.1%
评价2,24.4%
评价3,34.8%
评价4,17.5%
评价5,9.1%
标签1,剧情
标签2,爱情
播出时间,2017-07-21(中国大陆)
