导演,柯翰辰,7.5200000000000005,5.9,
编剧1,如萍,-1,-1,
编剧2,胡宁远,-1,-1,
演员1,蒋欣,8.559999999999999,3.9,
演员2,陆毅,8.059999999999999,6.125,
演员3,李雅男,6.22,5.3,
演员4,王汀,6.56,5.58,
演员5,冉旭,5.86,5.86,
演员6,宋晨,,,
演员7,杨安琪,/celebrity/1356301/
演员8,郭鑫,/celebrity/1325380/
演员9,郑佩佩,/celebrity/1037023/
演员10,恬妞,/celebrity/1006142/
演员11,施羽,/celebrity/1320007/
演员12,吕莹娜,/celebrity/1369984/
演员13,乔红,/celebrity/1318238/
演员14,纪宁,/celebrity/1318035/
总评价数,3242
评价1,5.1%
评价2,7.0%
评价3,31.3%
评价4,30.2%
评价5,26.4%
标签1,剧情
标签2,喜剧
标签3,爱情
播出时间,2017-08-15(中国大陆)
