导演,王为,5.275,5.275,
编剧1,费慧君,-1,-1,
编剧2,李晓亮,-1,-1,
演员1,刘恺威,8.42,4.42,
演员2,王鸥,8.540000000000001,5.4399999999999995,
演员3,张萌,7.9,5.066666666666667,
演员4,朱泳腾,7.18,4.875,
演员5,金俊秀,-1,-1,
演员6,杨菲洋,,,
演员7,赵悦童,/celebrity/1334731/
演员8,史文翔,/celebrity/1354817/
演员9,袁紫侨,/celebrity/1365643/
演员10,李思阳,/celebrity/1358205/
演员11,吕云骢,/celebrity/1355329/
演员12,万子晴,/celebrity/1372946/
演员13,汪洋,/celebrity/1372947/
演员14,颜景瑶,/celebrity/1364583/
演员15,张瑞珈,/celebrity/1322177/
演员16,李文俊,/celebrity/1368510/
演员17,朱薇薇,/celebrity/1372948/
演员18,全思颖,/celebrity/1372949/
演员19,张萍娟,/celebrity/1355345/
演员20,白茹,/celebrity/1324271/
演员21,张秀婷,/celebrity/1372950/
演员22,张大宝,/celebrity/1372951/
演员23,杨鹏,/subject_search?search_text=%E6%9D%A8%E9%B9%8F
演员24,李佳熹,/celebrity/1372952/
演员25,张翔,/celebrity/1362480/
演员26,付彦丹,/celebrity/1372953/
演员27,吴任远,/celebrity/1364060/
演员28,秦越,/celebrity/1340704/
演员29,曲刚,/subject_search?search_text=%E6%9B%B2%E5%88%9A
演员30,袁闲,/subject_search?search_text=%E8%A2%81%E9%97%B2
演员31,宋沂诺,/subject_search?search_text=%E5%AE%8B%E6%B2%82%E8%AF%BA
演员32,顾琛,/subject_search?search_text=%E9%A1%BE%E7%90%9B
演员33,成方旭,/celebrity/1372954/
演员34,徐风,/celebrity/1372066/
演员35,陈智明,/celebrity/1372955/
演员36,赵楚仑,/celebrity/1325536/
总评价数,3334
评价1,8.6%
评价2,16.9%
评价3,30.7%
评价4,19.0%
评价5,24.8%
标签1,剧情
标签2,家庭
播出时间,2017-02-12(中国大陆)
